n_orders,n_events,n_objects,time_s
25,100,78,0.00549
50,200,156,0.02252
100,400,337,0.07905
200,800,675,0.25756
400,1600,1367,1.04462
800,3200,2810,6.46042
