n_orders,n_events,n_objects,time_s
25,100,78,0.00964
50,200,156,0.01853
100,400,337,0.09713
200,800,675,0.28382
400,1600,1367,1.14454
800,3200,2810,4.90186
