n_orders,n_events,n_objects,time_s
25,100,78,0.00111
50,200,156,0.00214
100,400,337,0.00338
200,800,675,0.00901
400,1600,1367,0.01665
800,3200,2810,0.03494
